timestamp,x,y,confianca
1780346553272155965,0,2,1
1780346553372321258,0.024,2,0.96464
1780346553472398845,0.063144,2,0.942975
1780346553572399815,0.112409,2,0.928767
1780346553672362546,0.16818,2,0.919746
1780346553772398959,0.229093,2,0.912681
1780346553872364528,0.293945,2,0.907304
1780346553972400623,0.361115,2,0.904155
1780346554072412138,0.430202,2,0.901557
1780346554172338701,0.501357,2,0.898767
1780346554272398357,0.588682,2,0.877229
1780346554372452834,0.64786,2,0.915059
1780346554472379566,0.737813,2,0.873778
1780346554572416058,0.814028,2,0.89197
1780346554672452619,0.875344,2,0.912129
1780346554772404956,0.953018,2,0.89002
1780346554872472167,1.03145,2,0.889005
1780346554972345544,1.06881,2,0.945505
1780346555072404586,1.13166,2,0.910034
1780346555172348158,1.1984,2,0.904736
1780346555272560288,1.28517,3.39222,0.877964
1780346555372326833,1.3466,3.39222,0.911971
1780346555472347950,1.43016,3.39222,0.882198
1780346555572200425,1.47176,3.39222,0.939503
1780346555672245825,1.53078,3.39222,0.91527
1780346555772289787,1.57611,3.39222,0.934273
1780346555872322053,1.61076,3.39222,0.949352
1780346555972320090,1.65237,3.39222,0.939492
1780346556072343164,1.70064,3.39222,0.93016
1780346556172196700,1.73239,3.39222,0.953489
1780346556272316600,1.77143,3.39222,0.943119
1780346556372315711,1.80981,3.39222,0.944048
1780346556472331876,1.84796,3.39222,0.944383
1780346556572241997,1.89297,3.39222,0.934722
1780346556672291303,1.92287,3.39222,0.956139
1780346556772318144,1.96001,3.39222,0.945809
1780346556872517271,2.00433,3.39222,0.935687
1780346556972320748,2.05341,3.39222,0.929028
1780346557072330311,2.11287,3.39222,0.914671
1780346557172325221,2.15499,3.39222,0.938775
1780346557272328865,2.1972,3.39222,0.93864
1780346557372341487,2.24522,3.39222,0.9305
1780346557472320069,2.27605,3.39222,0.954818
1780346557572320597,2.31391,3.39222,0.944793
1780346557672344582,2.35875,3.39222,0.934949
1780346557772203545,2.3885,3.39222,0.95635
1780346557872327797,2.42514,3.39222,0.946533
1780346557972333748,2.4613,3.39222,0.947193
1780346558072329621,2.49763,3.39222,0.946971
1780346558172316997,2.53341,3.39222,0.947747
1780346558272318276,2.56935,3.39222,0.947509
1780346558372318598,2.60531,3.39222,0.947495
1780346558472482844,2.64127,3.39222,0.947484
1780346558572323989,2.69692,3.39222,0.919914
1780346558672320105,2.75522,3.39222,0.916266
1780346558772325456,2.79662,3.39222,0.939795
1780346558872333533,2.83824,3.39222,0.93948
1780346558972323309,2.87756,3.39222,0.942716
1780346559072326496,2.91569,3.39222,0.944416
1780346559172325448,2.96041,3.39222,0.935122
1780346559272338378,2.98985,3.39222,0.956793
1780346559372284127,3.02598,2,0.947253
1780346559472318647,3.06208,2,0.947292
1780346559572303523,3.1073,2,0.934414
1780346559672333022,3.16878,2,0.911906
1780346559772332881,3.2362,2,0.90381
1780346559872299640,3.30926,2,0.896207
1780346559972291296,3.38566,2,0.891729
1780346560072223578,3.46463,2,0.888279
1780346560172353868,3.54558,2,0.885669
1780346560272241795,3.62795,2,0.883767
1780346560372348374,3.72799,2,0.860664
1780346560472277376,3.81262,2,0.88078
1780346560572234334,3.89776,2,0.880105
1780346560672362974,3.98376,2,0.878975
1780346560772312192,4.05283,2,0.90158
1780346560872365192,4.15697,2,0.855378
1780346560972213365,4.22685,2,0.900492
1780346561072446900,4.33238,2,0.853599
1780346561172445133,4.42086,2,0.87571
1780346561272361039,4.49195,2,0.89885
1780346561372254521,4.58125,2,0.874627
1780346561472219800,4.67109,2,0.873928
1780346561572396876,4.7793,2,0.850171
1780346561672360808,4.85154,2,0.897304
1780346561772418701,4.9602,2,0.849602
1780346561872366088,5.03292,2,0.896666
1780346561972254501,5.12434,2,0.871856
1780346562072390514,5.21622,2,0.871259
1780346562172346618,5.30775,2,0.871706
1780346562272309874,5.39973,2,0.871125
1780346562372464799,5.49149,2,0.871415
1780346562472398127,5.60159,2,0.84777
1780346562572349260,5.67535,2,0.895252
1780346562672341546,5.78551,2,0.847693
1780346562772382289,5.87737,2,0.871283
1780346562872455702,5.9695,2,0.870926
1780346562972339659,6.0428,2,0.89588
1780346563072382308,6.13495,2,0.8709
1780346563172462844,6.24531,2,0.847437
1780346563272278349,6.31876,2,0.89568
1780346563372337816,6.42926,2,0.847255
1780346563472389685,6.52118,2,0.871207
1780346563572395716,6.6131,2,0.871203
1780346563672462840,6.70528,2,0.870861
1780346563772445075,6.79708,2,0.871366
1780346563872347899,6.8708,2,0.895311
1780346563972312403,6.96273,2,0.871192
1780346564072461803,7.07286,2,0.847723
1780346564172276020,7.14672,2,0.895132
1780346564272342712,7.25698,2,0.847556
1780346564372361474,7.34892,2,0.871187
1780346564472470683,7.44111,2,0.870848
1780346564572266843,7.51445,2,0.895827
1780346564672405313,7.62498,2,0.847223
1780346564772447862,7.71704,2,0.871016
1780346564872266606,7.79051,2,0.895651
1780346564972337740,7.8827,2,0.870846
1780346565072467596,7.99297,2,0.847551
1780346565172417975,8.08491,2,0.871184
1780346565272335098,8.15864,2,0.895302
1780346565731608192,8.58177,2,0.530094
1780346566360835396,9.17057,2,0.413458
1780346566990194312,9.7409,2,0.42507
1780346567616786115,10.3298,2,0.413377
1780346568244378652,10.9002,2,0.425069
1780346568872000186,11.4708,2,0.424904
1780346569498666657,12.0596,2,0.413458
1780346570126296955,12.6299,2,0.425069
1780346570754383259,13.2188,2,0.413377
1780346571382764399,13.7893,2,0.424987
1780346572009731724,14.3598,2,0.424987
1780346572636694930,14.9486,2,0.413458
1780346573264491481,15.5189,2,0.425069
1780346573890287057,16.0892,2,0.425069
1780346574519047322,16.678,1.96223,0.413458
1780346575147850555,17.2484,1.96223,0.425069
1780346575784920081,17.8372,1.96223,0.413458
1780346576415293798,18.426,1.96223,0.413458
1780346577041549507,18.9963,2,0.425069
1780346577668371333,19.5668,2,0.424987
1780346578294692975,20.1556,2,0.413458
1780346578922802960,20.726,2,0.424987
1780346579547069789,21.2965,2,0.424987
1780346580174377985,21.8853,2,0.413458
1780346580798423760,22.4558,2,0.424987
1780346581421807910,23.026,2,0.425152
1780346582050226941,23.5962,2,0.425152
1780346582677584720,24.1851,2,0.413377
1780346583305445089,24.7557,2,0.424904
1780346583934455845,25.3445,2,0.413458
1780346584557410338,25.9147,2,0.425152
1780346585184610375,26.4853,2,0.424904
1780346585814796980,27.0741,2,0.413458
1780346586444436875,27.6447,2,0.424904
1780346587072010345,28.2152,2,0.424987
1780346587700285458,28.804,2,0.413458
1780346588329305056,29.3743,2,0.425069
1780346588958320765,29.963,2,0.413538
1780346589583180338,30.5333,2,0.425069
1780346590210859856,31.1036,2,0.425069
1780346590835591335,31.6923,2,0.413538
1780346591464779822,32.2626,2,0.425069
1780346592093498742,32.8516,2,0.413377
1780346592722237570,33.4219,2,0.425069
1780346593352002447,33.9922,2,0.425069
1780346593979726668,34.5813,2,0.413297
1780346594605901128,35.1518,2,0.424987
1780346595232400426,35.7407,2,0.413377
1780346595862105423,36.311,2,0.425069
1780346596490736426,36.8815,1.11392,0.424987
1780346597107531242,37.2874,1.11392,0.543929
1780346597720197628,37.5693,1.11392,0.655196
1780346598337541282,37.9051,1.11392,0.604275
1780346598954849408,38.2563,1.11392,0.590555
1780346599568910635,38.5075,1.11392,0.686016
1780346600189460643,38.7994,2,0.64541
1780346600817097935,39.3172,2,0.459953
1780346601445441218,39.8631,2,0.440937
1780346602071659449,40.4253,2,0.4303
1780346602698908268,41.0138,2,0.413625
1780346603325920478,41.5841,1.34098,0.425056
1780346603942683085,41.9736,1.34098,0.557558
1780346604556096725,42.253,1.34098,0.657662
1780346605174557662,42.5715,1.34098,0.620148
1780346605791365329,42.8901,2,0.620122
1780346606405762059,43.3096,2,0.532976
1780346607023317367,43.8495,2,0.444901
1780346607650652577,44.4137,2,0.429039
1780346608279827290,45.0017,2,0.413905
1780346608907469961,45.572,2,0.42511
1780346609534069548,46.1608,2,0.413492
1780346610159643732,46.7312,2,0.424996
1780346610789379295,47.3015,2,0.425072
1780346611414274311,47.8903,2,0.413458
1780346612041976597,48.4608,2,0.424987
1780346612665380027,49.0313,2,0.424987
1780346613291713189,49.6015,2,0.425152
1780346613917200211,50.1903,2,0.413458
1780346614543354112,50.7606,2,0.425069
1780346615169089065,51.3312,2,0.424904
1780346615796160727,51.9199,1.51067,0.413538
1780346616412299971,52.3014,1.51067,0.564274
1780346617026081932,52.5712,2,0.667125
1780346617646822145,53.0207,2,0.509505
1780346618271668948,53.5724,2,0.437152
1780346618899090763,54.1593,2,0.414632
1780346619527378104,54.7293,2,0.425319
1780346620154429314,55.3179,2,0.413562
1780346620779379082,55.8882,2,0.425076
1780346621407956363,56.4588,2,0.424906
1780346622037542158,57.0476,2,0.413458
1780346622665554798,57.6181,2,0.424987
1780346623292742542,58.207,2,0.413377
1780346623919846131,58.7775,2,0.424987
1780346624548490468,59.3478,2,0.425069
1780346625176456304,59.9365,2,0.413538
1780346625803840312,60.5068,2,0.425069
1780346626430835987,61.0771,2,0.425069
1780346627060280906,61.6659,2,0.413458
1780346627689323210,62.2363,2,0.425069
1780346628319161292,62.8251,2,0.413458
1780346628948156997,63.3955,2,0.424987
1780346629576056075,63.9842,2,0.413538
1780346630203442220,64.5547,2,0.424987
1780346630829795167,65.1251,2,0.424987
1780346631457072704,65.7141,2,0.413377
1780346632086415074,66.2844,2,0.425069
1780346632714735513,66.8732,2,0.413458
1780346633342460908,67.4435,2,0.425069
1780346633971317833,68.0139,2,0.425069
1780346634600482631,68.6027,2,0.413458
1780346635228326925,69.173,2,0.425069
1780346635857512639,69.7618,2,0.413458
1780346636486992713,70.3321,2,0.425069
1780346637116101715,70.9209,2,0.413458
1780346637741146209,71.4914,2,0.424987
1780346638368844406,72.0619,2,0.424987
1780346638997056677,72.6507,2,0.413458
1780346639626465559,73.2211,2,0.424987
1780346640255114765,73.8099,2,0.413458
1780346640884263739,74.3805,2,0.424904
1780346641511614963,74.9509,2,0.425069
1780346642139146743,75.5398,2,0.413377
1780346642769441576,76.1101,2,0.425069
1780346643397642812,76.6989,2,0.413458
1780346644025973735,77.2694,2,0.424987
1780346644652750476,77.8582,2,0.413458
1780346645280457422,78.4285,2,0.425069
1780346645911434535,78.999,2,0.424987
1780346646538435855,79.5879,2,0.413377
1780346647165886237,80.1583,2,0.425069
1780346647791026225,80.7287,2,0.424987
1780346648423542569,81.3174,2,0.413538
1780346649053481613,81.9062,2,0.413458
1780346649681568096,82.4767,2,0.424987
1780346650312366184,83.0655,2,0.413458
1780346650938632202,83.6357,2,0.425152
1780346651567373521,84.206,2,0.425069
1780346652194713134,84.7947,2,0.413538
1780346652819032024,85.365,2.32557,0.425069
1780346653446830091,85.9353,2.32557,0.425069
1780346654075324871,86.5243,2.32557,0.413377
1780346654701643909,87.0947,2,0.424987
1780346655329641156,87.6652,2,0.424987
1780346655956054521,88.254,2,0.413458
1780346656585055377,88.8246,2,0.424904
1780346657213243642,89.4134,2,0.413458
1780346657840741282,89.9839,2,0.424987
1780346658468078265,90.5542,2,0.425069
1780346659096011425,91.143,2,0.413458
1780346659722646683,91.7133,2,0.425069
1780346660349495545,92.2838,2,0.424987
1780346660980115929,92.8727,2,0.413377
1780346661609761801,93.4432,2,0.424987
1780346662238165923,94.032,2,0.413458
1780346662865200315,94.6025,2,0.424987
1780346663492912412,95.1913,2,0.413458
1780346664122935311,95.7617,2,0.424987
1780346664750525841,96.3323,2,0.424904
1780346665381947769,96.9211,2,0.413458
1780346666010340598,97.4918,2,0.424821
1780346666639975396,98.0806,2,0.413458
1780346667267180743,98.651,2,0.425069
1780346667895987539,99.2398,2,0.413458
1780346668523233865,99.8101,2,0.425069
1780346669139870128,100.381,2,0.424987
1780346669752277425,100.951,2,0.425069
1780346670372733968,101.522,2,0.424904
1780346670998905573,102.092,2,0.425069
1780346671617648507,102.662,2,0.425069
1780346672245366749,103.233,2,0.425069
1780346672872872595,103.821,2,0.413538
1780346673496327963,104.392,2,0.425069
1780346674119854396,104.962,2,0.425069
1780346674747275320,105.532,2,0.424987
1780346675370906184,106.103,2,0.425069
1780346675997090280,106.691,2,0.413458
1780346676623900779,107.262,2,0.424987
1780346677254956503,107.851,2,0.413458
1780346677883684062,108.421,2,0.425069
1780346678508994949,108.992,2,0.424987
1780346679137961432,109.58,2,0.413458
1780346679767169038,110.151,2,0.424904
1780346680395402809,110.74,2,0.413377
1780346681021340489,111.31,2,0.425069
1780346681649921241,111.881,2,0.425069
1780346682275054947,112.469,2,0.413538
1780346682903827569,113.04,2,0.425069
1780346683532029092,113.61,2,0.425069
1780346684159642070,114.199,2,0.413458
1780346684789357953,114.769,2,0.424987
1780346685418025967,115.358,2,0.413458
1780346686047910090,115.928,2,0.424987
1780346686675915106,116.517,2,0.413458
1780346687305829541,117.088,2,0.424987
1780346687931357998,117.658,2,0.424987
1780346688561010278,118.247,2,0.413458
1780346689187330322,118.817,2,0.425069
1780346689816166523,119.406,2,0.413458
1780346690445548289,119.976,2,0.425069
1780346691071685726,120.547,2,0.425069
1780346691700102112,121.136,2,0.413458
1780346692328606532,121.706,2,0.425069
1780346692958492301,122.295,2,0.413458
1780346693583811939,122.865,2,0.424987
1780346694212027682,123.436,2,0.424987
1780346694842589718,124.024,2,0.413458
1780346695468231047,124.595,2,0.424987
1780346696097958444,125.184,2,0.413538
1780346696724500960,125.754,2,0.424904
1780346697354849463,126.343,2,0.413458
1780346697984652716,126.913,2,0.425069
1780346698616034222,127.502,2,0.413458
1780346699241370813,128.073,2,0.424987
1780346699863671755,128.643,2,0.425069
1780346700492807588,129.232,2,0.413458
1780346701118819876,129.802,2,0.425069
1780346701748086237,130.372,2,0.424987
1780346702375947790,130.962,2,0.413216
1780346703002464349,131.532,2,0.424987
1780346703631261274,132.102,2,0.425069
1780346704260189160,132.691,2,0.413538
1780346704889730348,133.262,2,0.424987
1780346705516983242,133.851,2,0.413297
1780346706146260269,134.421,2,0.425152
1780346706775057883,135.009,2,0.413699
1780346707403693332,135.579,2,0.425235
1780346708031418528,136.15,2,0.424987
1780346708662903919,136.739,2,0.413297
1780346709289425655,137.309,2,0.424987
1780346709917822058,137.898,2,0.413458
1780346710547436383,138.469,2,0.424987
1780346711177737622,139.058,2,0.413377
1780346711704286036,139.536,2,0.487922
1780346712335053837,140.125,2,0.413538
1780346712964679608,140.695,2,0.425069
1780346713595228886,141.284,2,0.413377
1780346714222070430,141.854,2,0.425069
1780346714856068857,142.443,2,0.413377
1780346715485666749,143.014,2,0.424904
1780346716113543771,143.603,2,0.413377
1780346716743083659,144.173,2,0.424821
1780346717373890906,144.762,2,0.413458
1780346718000890845,145.333,2,0.424987
1780346718631873453,145.903,2,0.424987
1780346719258547788,146.492,2,0.413458
1780346719887842266,147.062,2,0.425069
1780346720517037089,147.651,2,0.413458
1780346721147347901,148.221,2,0.424987
1780346721772202784,148.792,2,0.425069
1780346722400985707,149.381,2,0.413377
1780346723029962938,149.951,2,0.424821
1780346723656629793,150.54,2,0.413538
1780346724287404905,151.111,2,0.424987
1780346724913316155,151.7,2,0.413297
1780346725541446515,152.27,2,0.424987
1780346726170423350,152.84,2,0.425069
1780346726795885329,153.429,2,0.413538
1780346727421539431,153.999,2,0.425235
1780346728050745799,154.569,2,0.425152
1780346728676253043,155.158,2,0.413538
1780346729305998609,155.728,2,0.425069
1780346729932132892,156.299,2,0.425069
1780346730560516702,156.888,3.95603,0.413458
1780346731178667510,157.289,3.95603,0.547342
1780346731792137499,157.562,3.95603,0.664538
1780346732408383192,157.891,2,0.610138
1780346733036939892,158.434,2,0.442764
1780346733665288404,158.994,2,0.431641
1780346734292787222,159.582,2,0.41405
1780346734921591982,160.152,2,0.425162
1780346735547830379,160.723,2,0.425119
1780346736174279694,161.311,2,0.413472
1780346736798899771,161.882,1.4091,0.425156
1780346737415969597,162.287,1.4091,0.54447
1780346738028176303,162.56,1.4091,0.663752
1780346738648611561,162.89,1.4091,0.610119
1780346739264912920,163.247,2,0.584641
1780346739878765905,163.691,2,0.513762
1780346740499310309,164.239,2,0.439632
1780346741123809850,164.807,2,0.427056
1780346741752072817,165.377,2,0.425138
1780346742379526317,165.966,2,0.41342
1780346743010427941,166.536,2,0.425164
1780346743636240481,167.124,2,0.413541
1780346744266156351,167.695,2,0.425153
1780346744895443778,168.284,2,0.413378
1780346745523734175,168.854,2,0.425235
1780346746151299842,169.424,2,0.424987
1780346746777649906,170.013,2,0.413377
1780346747408549726,170.584,2,0.424987
1780346748038624168,171.172,2,0.413458
1780346748665008513,171.743,2,0.424987
1780346749291200469,172.313,2,0.425069
1780346749917654885,172.902,2,0.413297
1780346750544301176,173.473,2,0.424987
1780346751175378974,174.061,2,0.413458
1780346751801642098,174.632,2,0.425069
1780346752429018368,175.202,2,0.424904
1780346753059111565,175.791,2,0.413458
1780346753687601595,176.362,2,0.425069
1780346754316874349,176.95,2,0.413458
1780346754946801255,177.521,2,0.425069
1780346755575852378,178.109,2,0.413458
1780346756205512790,178.68,2,0.424904
1780346756832523361,179.269,2,0.413538
1780346757460511292,179.839,2,0.425069
1780346758090147503,180.41,2.66692,0.424821
1780346758707358165,180.816,2.66692,0.543478
1780346759321000564,181.098,2,0.655196
1780346759935606081,181.532,2,0.521667
1780346760556009933,182.083,2,0.437761
1780346761173585556,182.651,2,0.426491
1780346761786934497,183.203,2,0.436931
1780346762411384681,183.773,2,0.424931
1780346763036476946,184.362,2,0.413385
1780346763655107305,184.932,2,0.425237
1780346764284045977,185.503,2,0.425153
1780346764911997309,186.073,1.13472,0.425152
1780346765528530413,186.472,1.13472,0.549672
1780346766141259288,186.752,1.13472,0.656976
1780346766762275738,187.068,1.13472,0.621876
1780346767378822147,187.402,1.13472,0.606448
1780346767992501229,187.656,2,0.682868
1780346768611944697,188.035,2,0.56632
1780346769239838099,188.581,2,0.440941
1780346769867675255,189.136,2,0.435051
1780346770496119693,189.721,2,0.415608
1780346771120463166,190.291,2,0.425445
1780346771748134819,190.861,2,0.425093
1780346772377178641,191.45,2,0.413407
1780346773003910428,192.021,2,0.424995
1780346773631598521,192.591,2,0.424989
1780346774259569478,193.18,2,0.4137
1780346774888582711,193.75,2,0.424904
1780346775519123055,194.339,2,0.413458
1780346776148191687,194.909,2,0.425069
1780346776774919114,195.498,2,0.413538
1780346777404234169,196.068,2,0.425069
1780346778030269303,196.639,2,0.425069
1780346778659017043,197.228,2,0.413458
1780346779287638477,197.798,2,0.425069
1780346779915995302,198.387,2,0.413458
1780346780543953789,198.957,2,0.424987
1780346781173254273,199.546,2,0.413458
1780346781797949054,200.116,2,0.424987
1780346782424522838,200.687,2,0.425069
1780346783054967077,201.276,2,0.413458
1780346783687291120,201.846,2,0.424987
1780346784316178654,202.435,2,0.413458
1780346784943692063,203.005,2,0.425069
1780346785571987312,203.575,2,0.425069
1780346786202608261,204.164,2,0.413458
1780346786826874121,204.735,2,0.424987
1780346787455167431,205.324,2,0.413458
1780346788082433250,205.894,2,0.424987
1780346788710186673,206.464,2,0.425069
1780346789338496923,207.053,2,0.413458
1780346789969524503,207.624,2,0.424904
1780346790598716630,208.213,2,0.413377
1780346791223974950,208.783,2,0.424904
1780346791842934616,209.354,2,0.424987
1780346792471639046,209.924,2,0.424987
1780346793098557553,210.513,1.58209,0.413619
1780346793716342297,210.894,1.58209,0.564399
1780346794328490464,211.163,1.58209,0.667567
1780346794947597836,211.482,1.58209,0.620268
1780346795564062130,211.809,1.58209,0.612068
1780346796177493510,212.063,2,0.683771
1780346796794558797,212.471,2,0.541968
1780346797417916515,213.002,2,0.450585
1780346798046757797,213.558,2,0.434693
1780346798671209739,214.125,2,0.427053
1780346799299774667,214.713,2,0.413825
1780346799930823484,215.284,2,0.425088
1780346800560086819,215.872,2,0.413486
1780346801188403691,216.443,2,0.424995
1780346801815094338,217.032,2,0.41346
1780346802444310197,217.602,2,0.42507
1780346803067899397,218.172,2,0.424904
1780346803695857099,218.761,2,0.413538
1780346804325970098,219.332,2,0.424821
1780346804955345567,219.921,2,0.413458
1780346805581508897,220.491,2,0.425235
1780346806210259769,221.061,2,0.425069
1780346806839287025,221.65,2,0.413458
1780346807470060488,222.22,2,0.424987
1780346808096266529,222.809,2,0.413377
1780346808723670915,223.38,2,0.424987
1780346809352850660,223.969,2,0.413458
1780346809980414107,224.539,2,0.424987
1780346810609616588,225.109,2,0.425069
1780346811239236195,225.698,2,0.413377
1780346811867857960,226.269,2,0.424987
1780346812495913923,226.858,2,0.413458
1780346813124119340,227.428,2,0.424987
1780346813752373849,228.017,2,0.413458
1780346814379782062,228.587,2,0.425152
1780346815009678733,229.157,2,0.425069
1780346815638152920,229.746,2,0.413458
1780346816266389775,230.316,2,0.425069
1780346816892548912,230.905,2,0.413458
1780346817521763638,231.476,2,0.425069
1780346818152866798,232.064,2,0.413458
1780346818779266329,232.635,2,0.424987
1780346819407154558,233.205,2,0.424987
1780346820031563715,233.776,2,0.424987
1780346820656657590,234.365,2,0.413458
1780346821278132255,234.935,2,0.424987
1780346821902454887,235.505,2,0.425069
1780346822530772671,236.076,2,0.425069
1780346823151301462,236.646,2,0.425069
1780346823764240721,237.217,2,0.424987
1780346824377429890,237.787,2,0.424987
1780346825002841644,238.358,2,0.424821
1780346825621716279,238.928,2,0.424904
1780346826249732287,239.499,2,0.424904
1780346826875664771,240.088,2,0.413458
1780346827497688868,240.658,2,0.425069
1780346828125834868,241.228,2,0.425152
1780346828752036720,241.799,2,0.424987
1780346829381927067,242.387,2,0.413538
1780346830009503067,242.958,2,0.424987
1780346830636172170,243.547,2,0.413458
1780346831265030663,244.117,2,0.425069
1780346831896972679,244.706,2,0.413377
1780346832527786542,245.277,2,0.424904
1780346833159577291,245.865,2,0.413377
1780346833787001345,246.436,2,0.424821
1780346834413706259,247.025,2,0.413458
1780346835042205119,247.595,2,0.425069
1780346835669539701,248.166,2,0.425069
1780346836294799568,248.754,2,0.413458
1780346836922410417,249.325,2,0.424987
1780346837550366067,249.895,2,0.425069
1780346838179891020,250.484,2,0.413458
1780346838808438877,251.054,2,0.425069
1780346839435920553,251.643,2,0.413458
1780346840062450841,252.214,2,0.424987
1780346840690718102,252.784,2,0.424904
1780346841318974283,253.373,2,0.413377
1780346841943036575,253.943,2,0.425069
1780346842572147346,254.514,2,0.424987
1780346843199473133,255.103,2,0.413538
1780346843826761022,255.673,2,0.425069
1780346844452294400,256.262,2,0.413538
1780346845082032020,256.832,3.11787,0.424987
1780346845699615397,257.221,3.11787,0.55765
1780346846311765977,257.492,3.11787,0.666698
1780346846933344427,257.819,2,0.612281
1780346847561918184,258.338,2,0.459268
1780346848189022237,258.896,2,0.432996
1780346848816540147,259.483,2,0.414246
1780346849443662330,260.053,2,0.425292
1780346850072912263,260.642,3.18556,0.413519
1780346850688494118,261.039,3.18556,0.551091
1780346851302975820,261.322,3.18556,0.654533
1780346851923042995,261.651,3.18556,0.610323
1780346852539155617,262.009,2,0.584678
1780346853152134066,262.436,2,0.526851
1780346853771935165,262.983,2,0.440201
1780346854400147486,263.568,2,0.415586
1780346855029638955,264.138,2,0.425222
1780346855658741134,264.727,2,0.413661
1780346856286172423,265.297,2,0.425081
1780346856911917627,265.867,2,0.42499
1780346857542728827,266.456,2,0.413378
1780346858171720006,267.027,2,0.424987
1780346858799440979,267.616,2,0.413377
1780346859430408753,268.186,2,0.424904
1780346860058694718,268.775,2,0.413458
1780346860685429218,269.346,2,0.424821
1780346861310014618,269.917,2,0.424904
1780346861938887168,270.505,2,0.413458
1780346862567260632,271.076,2,0.424904
1780346863192096528,271.646,2,0.425069
1780346863819281124,272.235,2,0.413458
1780346864447805112,272.805,2,0.425069
1780346865074776025,273.394,2,0.413377
1780346865703542589,273.965,2,0.425069
1780346866332091616,274.535,2,0.425069
1780346866961308493,275.124,2,0.413458
1780346867590609968,275.694,2,0.424987
1780346868219276358,276.283,2,0.413538
1780346868848235870,276.853,2,0.424987
1780346869476349594,277.442,2,0.413458
1780346870106881676,278.013,2,0.424821
1780346870735627551,278.602,2,0.413538
1780346871364103307,279.172,2,0.425069
1780346871995219312,279.761,2,0.413538
1780346872621545501,280.331,2,0.425069
1780346873248972541,280.901,2,0.425069
1780346873876917781,281.49,2,0.413458
1780346874504926808,282.061,2,0.424987
1780346875130233216,282.631,2,0.424987
1780346875755982357,283.22,2,0.413458
1780346876381694570,283.79,2,0.424987
1780346877006570965,284.361,2,0.424904
1780346877632063991,284.931,2,0.424987
1780346878259607686,285.52,2,0.413538
1780346878888818100,286.09,2,0.424987
1780346879516722676,286.679,2,0.413458
1780346880141929398,287.249,2,0.425152
1780346880769286136,287.82,2,0.424987
1780346881394437531,288.409,2,0.413538
1780346882021544249,288.979,2,0.425069
1780346882647723468,289.549,2,0.424987
1780346883271781746,290.12,2,0.424987
1780346883893673257,290.709,2,0.413377
1780346884522441171,291.279,2,0.424987
1780346885150333293,291.85,2,0.424987
1780346885775353552,292.438,2,0.413458
1780346886403974458,293.009,2,0.424904
1780346887032421636,293.598,2,0.413538
1780346887659648969,294.168,2,0.425235
1780346888287378547,294.738,2,0.425235
1780346888913812043,295.327,2,0.413458
1780346889542892977,295.897,2,0.425069
1780346890169701882,296.468,2,0.424987
1780346890794561915,297.056,2,0.413377
1780346891421597881,297.627,2,0.424987
1780346892050270741,298.197,2,0.424987
1780346892675414265,298.786,2,0.413538
1780346893303361825,299.357,2,0.424987
1780346893932047328,299.927,2,0.424987
1780346894562644972,300.516,2,0.413458
1780346895188215588,301.086,2,0.425069
1780346895815865288,301.675,2,0.413377
1780346896443050119,302.245,2,0.425069
1780346897069045989,302.816,2,0.425152
1780346897697128319,303.404,2,0.413538
1780346898323380016,303.975,2,0.425069
1780346898954325889,304.563,2,0.413458
1780346899583162548,305.134,2,0.425069
1780346900207171350,305.704,2,0.424904
1780346900832336374,306.275,2,0.424904
1780346901461165670,306.864,2,0.413458
1780346902089321150,307.434,2,0.424987
1780346902717239946,308.023,2,0.413458
1780346903343458892,308.593,2,0.425069
1780346903974005597,309.182,2,0.413458
1780346904603462844,309.752,2,0.425152
1780346905229719738,310.323,2,0.425069
1780346905856861274,310.911,2,0.413458
1780346906485059402,311.482,2,0.425069
1780346907112025482,312.052,2,0.424904
1780346907741619958,312.641,2,0.413458
1780346908369887309,313.212,2,0.424987
1780346908999373463,313.8,2,0.413458
1780346909624221767,314.371,2,0.424987
1780346910250821339,314.941,2,0.424987
1780346910879268981,315.53,2,0.413538
1780346911507070216,316.1,2,0.425069
1780346912134999989,316.689,2,0.413458
1780346912763315880,317.26,2,0.425069
1780346913392436915,317.848,2,0.413458
1780346914019856457,318.419,2,0.425069
1780346914648223260,318.989,2,0.425069
1780346915277147335,319.578,2,0.413458
1780346915902900385,320.148,2,0.424987
1780346916530845111,320.719,2,0.424987
1780346917156088489,321.308,2,0.413458
1780346917783865110,321.878,2,0.424987
1780346918411101494,322.448,2,0.424987
